{
  "shape": [
    3,
    200,
    200,
    200
  ],
  "data_type": "float32",
  "chunk_grid": {
    "name": "regular",
    "configuration": {
      "chunk_shape": [
        1,
        50,
        50,
        50
      ]
    }
  },
  "chunk_key_encoding": {
    "name": "default",
    "configuration": {
      "separator": "/"
    }
  },
  "fill_value": 0.0,
  "codecs": [
    {
      "name": "bytes",
      "configuration": {
        "endian": "little"
      }
    },
    {
      "name": "zstd",
      "configuration": {
        "level": 0,
        "checksum": false
      }
    }
  ],
  "attributes": {
    "channel_names": [
      "UMAP1",
      "UMAP2",
      "UMAP3"
    ]
  },
  "zarr_format": 3,
  "node_type": "array",
  "storage_transformers": []
}